{
  "strategies": [
    {
      "mrr": 0.2976190476190476,
      "ndcg@1": 0.0,
      "ndcg@10": 0.5308336800549716,
      "ndcg@3": 0.23114213453909027,
      "ndcg@5": 0.39823074631971933,
      "pipelineImportError": "No module named 'numpy'",
      "precision@1": 0.0,
      "precision@10": 0.2,
      "precision@3": 0.2222222222222222,
      "precision@5": 0.26666666666666666,
      "recall@1": 0.0,
      "recall@10": 1.0,
      "recall@3": 0.3333333333333333,
      "recall@5": 0.6666666666666666,
      "strategy": "dense_only",
      "usedFallbackRanking": true
    },
    {
      "mrr": 0.7833333333333333,
      "ndcg@1": 0.7,
      "ndcg@10": 0.8564073272317291,
      "ndcg@3": 0.7613147192765458,
      "ndcg@5": 0.814128343791064,
      "pipelineImportError": "No module named 'numpy'",
      "precision@1": 0.7,
      "precision@10": 0.2,
      "precision@3": 0.5333333333333333,
      "precision@5": 0.36000000000000004,
      "recall@1": 0.7,
      "recall@10": 1.0,
      "recall@3": 0.9,
      "recall@5": 0.9,
      "strategy": "bm25_only",
      "usedFallbackRanking": true
    },
    {
      "mrr": 0.8666666666666667,
      "ndcg@1": 0.8,
      "ndcg@10": 0.9141283437910641,
      "ndcg@3": 0.8613147192765458,
      "ndcg@5": 0.9141283437910641,
      "pipelineImportError": "No module named 'numpy'",
      "precision@1": 0.8,
      "precision@10": 0.2,
      "precision@3": 0.6,
      "precision@5": 0.4,
      "recall@1": 0.8,
      "recall@10": 1.0,
      "recall@3": 1.0,
      "recall@5": 1.0,
      "strategy": "hybrid",
      "usedFallbackRanking": true
    },
    {
      "mrr": 1.0,
      "ndcg@1": 1.0,
      "ndcg@10": 1.0,
      "ndcg@3": 1.0,
      "ndcg@5": 1.0,
      "pipelineImportError": "No module named 'numpy'",
      "precision@1": 1.0,
      "precision@10": 0.2,
      "precision@3": 0.6666666666666666,
      "precision@5": 0.4,
      "recall@1": 1.0,
      "recall@10": 1.0,
      "recall@3": 1.0,
      "recall@5": 1.0,
      "strategy": "hybrid_reranked",
      "usedFallbackRanking": true
    }
  ]
}